year,decile,average_change,relative_change
2026,1,1.93,0.000155
2026,2,3.4,0.000106
2026,3,9.68,0.000205
2026,4,35.62,0.000578
2026,5,37.23,0.000478
2026,6,45.7,0.00047
2026,7,63.01,0.000511
2026,8,85.47,0.000547
2026,9,114.05,0.000534
2026,10,361.23,0.000203
