year,decile,average_change,relative_change
2026,1,1.47,0.00022
2026,2,2.61,0.000109
2026,3,8.04,0.000195
2026,4,27.13,0.000483
2026,5,47.88,0.000661
2026,6,47.69,0.000516
2026,7,63.26,0.000532
2026,8,84.06,0.000553
2026,9,111.61,0.00054
2026,10,358.54,0.000201
