year,decile,average_change,relative_change
2026,1,4.10,0.000310
2026,2,15.20,0.000620
2026,3,28.50,0.000710
2026,4,42.80,0.000820
2026,5,55.30,0.000790
2026,6,68.10,0.000750
2026,7,79.40,0.000680
2026,8,92.10,0.000610
2026,9,108.70,0.000520
2026,10,145.20,0.000380
