year,bracket,beneficiaries,total_cost,avg_benefit
2026,$0 - $25k,7939.3251953125,95391.46875,12.015060424804688
2026,$25k - $50k,62853.20703125,1163425.5,18.51020050048828
2026,$50k - $75k,126634.359375,6022201.0,47.55582046508789
2026,$75k - $100k,107880.0234375,4734522.5,43.886924743652344
2026,$100k - $150k,159555.65625,9649078.0,60.47468566894531
2026,$150k - $200k,99630.078125,8414900.0,84.46144104003906
2026,$200k+,168848.4375,44789260.0,265.2630920410156
