year,bracket,beneficiaries,total_cost,avg_benefit
2026,$0 - $25k,5107.142578125,59159.15625,11.583611488342285
2026,$25k - $50k,61976.65625,1102750.125,17.792991638183594
2026,$50k - $75k,118840.578125,5770531.0,48.556907653808594
2026,$75k - $100k,112896.75,4812182.0,42.624629974365234
2026,$100k - $150k,166122.6875,9791771.0,58.94300842285156
2026,$150k - $200k,106739.5234375,8936576.0,83.72321319580078
2026,$200k+,178076.40625,46662172.0,262.0345458984375
